enqueue_time_per_thread[ms],enqueue_abort_per_thread,decrease priority_time_per_thread[ms],decrease priority_abort_per_thread,top_time_per_thread[ms],top_abort_per_thread,dequeue_time_per_thread[ms],dequeue_abort_per_thread
150.91250000000002,201.1,24.79375,424.22499999999997,68.0125,1065.20625,28.125,510.29375000000005
191.40625,518.1999999999999,104.44374999999998,1699.0249999999999,125.98749999999998,2810.8124999999995,56.78750000000001,1302.4125000000001
393.06874999999997,1626.6125,205.47500000000005,4429.48125,302.95,9605.381249999995,157.90625,3443.7125
