enqueue_time_per_thread[ms],enqueue_abort_per_thread,decrease priority_time_per_thread[ms],decrease priority_abort_per_thread,top_time_per_thread[ms],top_abort_per_thread,dequeue_time_per_thread[ms],dequeue_abort_per_thread
119.99999999999999,192.79999999999998,13.299999999999999,422.04999999999995,32.275,1915.75,17.85,1227.6750000000002
149.825,1008.2,62.7,3802.65,67.475,4302.175,38.300000000000004,2469.7249999999995
234.675,3820.8,178.95000000000002,11121.475000000002,275.075,23092.900000000005,144.175,9740.725
