enqueue_time_per_thread[ms],enqueue_abort_per_thread,decrease priority_time_per_thread[ms],decrease priority_abort_per_thread,top_time_per_thread[ms],top_abort_per_thread,dequeue_time_per_thread[ms],dequeue_abort_per_thread
313.1,7427.299999999999,196.3,10340.900000000001,746.5,72327.9,699.4000000000001,65898.0
26685.5,6948965.666666666,85466.66666666667,17759333.5,128605.0,30697939.166666668,62381.16666666667,14979825.666666666
