enqueue_time_per_thread[ms],enqueue_abort_per_thread,decrease priority_time_per_thread[ms],decrease priority_abort_per_thread,top_time_per_thread[ms],top_abort_per_thread,dequeue_time_per_thread[ms],dequeue_abort_per_thread
124.8875,205.2625,17.612500000000004,381.09999999999997,36.074999999999996,1499.2124999999999,21.962500000000002,1029.4625
148.35,651.1625000000001,67.3,2637.7124999999996,76.53750000000001,3358.525,49.199999999999996,1826.35
247.1875,2284.5125000000003,170.28750000000002,6995.612499999999,277.51249999999993,15349.225,136.03750000000002,5386.587500000001
